2001:67c:e3c::/48,NL,NL-FL,Almere Stad,
2001:67c:e3c:5000::/56,NL,NL-OV,Enschede,
2001:67c:e3c:5100::/56,NL,NL-NH,Amsterdam,
2001:67c:e3c:5200::/56,NL,NL-NH,Amsterdam,
2001:67c:e3c:5300::/56,NL,NL-NH,Amsterdam,
2a10:ccc0:140::/48,NL,NL-DR,Meppel,
2a10:ccc0:141::/48,NL,NL-FL,Dronten,
2a10:ccc0:142::/48,NL,NL-NH,Amsterdam,
103.147.153.128/25,NL,NL-FL,Almere Stad,
103.147.153.96/29,NL,NL-OV,Enschede,
103.147.153.0/24,NL,NL-NH,Amsterdam,
103.147.153.64/27,NL,NL-NH,Amsterdam,
2a06:de00:1000::/44,NL,NL-NH,Amsterdam,
167.104.55.0/24,NL,NL-NH,Amsterdam,
